{
  "sn": {
    "name": "ОФ29",
    "D": 0.152,
    "m": 46,
    "l": 0.70999999999999996,
    "l_cm": 0.45000000000000001,
    "l_gol": 0.41699999999999998,
    "I_x": 0.14549999999999999,
    "Vs0": 945,
    "narez": 25,
    "cx_law": 1,
    "ix": 1.02,
    "iz": 1,
    "m_x_omega": 0.00059999999999999995,
    "BC": 0.51230608695652169,
    "Ma": null,
    "a0_ind": null,
    "a1_ind": null,
    "a2_ind": null,
    "a3_ind": null
  },
  "b_ucl": {
    "t0": 0,
    "x0": 0,
    "y0": 1,
    "z0": 0,
    "tk": 0,
    "xk": 0,
    "yk": 0,
    "V0": 945,
    "teta0_grad": 25,
    "psy0_grad": 0,
    "wx0": 1562.5289777065023,
    "pi0": 1.0001182860737039,
    "a_dir_grad": 29.999999999999996
  },
  "g_ucl": {
    "B_geo": 0.99483767363676778,
    "U_FormaZemli": 1,
    "U_VrashZemli": 1
  },
  "m_ucl": {
    "U_norm_real": 0,
    "T0": 288.89999999999998,
    "P0": 100000,
    "U_wind": 1,
    "U_wind_type": 2,
    "w_h10": 3,
    "w_p": 0.33000000000000002,
    "a_w_grad": 249.99999999999997,
    "datafile": "real_atmosphere.csv"
  },
  "Cx_law": 1,
  "dt": 0.050000000000000003,
  "metod": 1
}