{
  "f1": "Закон 1943 года",
  "M1_43": [
    0,
    0.73357000000000006,
    0.90961999999999998,
    0.99765000000000004,
    1.17371,
    1.5845100000000001,
    2.6408399999999999,
    3.7266520000000001
  ],
  "M2_43": [
    0.73357000000000006,
    0.90961999999999998,
    0.99765000000000004,
    1.17371,
    1.5845100000000001,
    2.6408399999999999,
    3.7266520000000001,
    10000
  ],
  "a0_43": [
    0.157,
    -3.8718789999999998,
    122.720358,
    -19.848946999999999,
    -0.63968599999999998,
    0.64381200000000005,
    0.62106099999999997,
    0.26000000000000001
  ],
  "a1_43": [
    0,
    15.734575,
    -390.74264399999998,
    52.409512999999997,
    2.2501359999999999,
    -0.27870099999999998,
    -0.24287500000000001,
    0
  ],
  "a2_43": [
    0,
    -20.511918000000001,
    413.61313000000001,
    -45.299813,
    -1.600055,
    0.069619,
    0.053242999999999999,
    0
  ],
  "a3_43": [
    0,
    8.9281439999999996,
    -145.26628199999999,
    13.06484,
    0.36320599999999997,
    -0.0060309999999999999,
    -0.0037650000000000001,
    0
  ],
  "f2": "Закон 1958 года",
  "M1_58": [
    0,
    0.38146000000000002,
    0.85094000000000003,
    0.93896999999999997,
    1.0269900000000001,
    1.17371,
    1.3497600000000001,
    2.17136,
    3.5211199999999998,
    5.2229999999999999
  ],
  "M2_58": [
    0.38146000000000002,
    0.85094000000000003,
    0.93896999999999997,
    1.0269900000000001,
    1.17371,
    1.3497600000000001,
    2.17136,
    3.5211199999999998,
    5.2229999999999999,
    100
  ],
  "b0_58": [
    0.30499999999999999,
    0.24177299999999999,
    -44.281129999999997,
    87.736894000000007,
    -11.668569,
    -2.0757699999999999,
    1.4086179999999999,
    0.86232500000000001,
    0.613043,
    0.25600000000000001
  ],
  "b1_58": [
    0,
    0.40479300000000001,
    155.02022099999999,
    -269.66638799999998,
    31.980377000000001,
    5.4989889999999999,
    -1.1066670000000001,
    -0.254494,
    -0.079364000000000004,
    0
  ],
  "b2_58": [
    0,
    -0.871035,
    -179.930308,
    275.55393199999997,
    -27.773458999999999,
    -3.5189080000000001,
    0.47701300000000002,
    0.032883000000000003,
    -0.0049620000000000003,
    0
  ],
  "b3_58": [
    0,
    0.63623200000000002,
    69.792027000000004,
    -93.079491000000004,
    8.0484639999999992,
    0.67344499999999996,
    -0.078218999999999997,
    -0.00097000000000000005,
    0.001346,
    0
  ],
  "f3": "Функция сопротивления K_NM",
  "M1_K_NM": [
    0,
    0.59999999999999998,
    0.80000000000000004,
    1.1000000000000001,
    1.5,
    2.8999999999999999,
    4.9000000000000004
  ],
  "M2_K_NM": [
    0.59999999999999998,
    0.80000000000000004,
    1.1000000000000001,
    1.5,
    2.8999999999999999,
    4.9000000000000004,
    100
  ],
  "a0_K_NM": [
    0.20599999999999999,
    0.173903,
    0.371089,
    0.085860000000000006,
    0.033077000000000002,
    0.139043,
    0.37
  ],
  "a1_K_NM": [
    0,
    0.106376,
    -0.307251,
    0.084315000000000001,
    0.13907600000000001,
    0.084848000000000007,
    0
  ],
  "a2_K_NM": [
    0,
    -0.086023000000000002,
    0.12619,
    0.00039899999999999999,
    -0.013524,
    -0.0076990000000000001,
    0
  ]
}