{
  "g_N0": 9.8066499999999994,
  "Gg": 3.066E-06,
  "R_geo": 6371000,
  "W_geo": 7.292116E-05,
  "delta2_g": -0.026159999999999999
}