{
  "R": 287.05286999999998,
  "aN0": 340.69999999999999,
  "tauN0": 288.89999999999998,
  "roN0": 1.2058,
  "PN0": 100000
}