{
  "name": "3£Ó42",
  "D": 0.035999999999999997,
  "m": 4.9900000000000002,
  "l": 0.56899999999999995,
  "l_cm": 0.252,
  "l_gol": 0.19700000000000001,
  "I_x": 0.0011999999999999999,
  "Vs0": 1700,
  "narez": 0,
  "cx_law": 1,
  "ix": 1.71,
  "iz": 1,
  "m_x_omega": 0.00059999999999999995,
  "BC": 0.44412024048096177,
  "Ma": [
    0,
    0.80000000000000004,
    1,
    1.2,
    5
  ],
  "a0_ind": [
    -0.6038,
    -0.6038,
    -29.608000000000001,
    2.4232999999999998
  ],
  "a1_ind": [
    7.2710999999999997,
    7.2710999999999997,
    77.198999999999998,
    -1.1573
  ],
  "a2_ind": [
    -13.433,
    -13.433,
    -63.353999999999999,
    0.25009999999999999
  ],
  "a3_ind": [
    8.1696000000000009,
    8.1696000000000009,
    17.120999999999999,
    -0.018800000000000001
  ]
}