{
  "name": "3ОФ26",
  "D": 0.125,
  "m": 23,
  "l": 0.52300000000000002,
  "l_cm": 0.36499999999999999,
  "l_gol": 0.25,
  "I_x": 0.0407,
  "Vs0": 870,
  "narez": 0,
  "cx_law": 2,
  "ix": 1.02,
  "iz": 1,
  "m_x_omega": 0.00059999999999999995,
  "BC": 0.69293478260869568,
  "Ma": [
    0,
    0.80000000000000004,
    1,
    1.2,
    5
  ],
  "a0_ind": [
    0.2928,
    -0.55349999999999999,
    -32.090000000000003,
    0.9032
  ],
  "a1_ind": [
    0,
    4.1684000000000001,
    79.569999999999993,
    -0.2908
  ],
  "a2_ind": [
    0,
    -6.7171000000000003,
    -64.379999999999995,
    0.036499999999999998
  ],
  "a3_ind": [
    0,
    3.5133999999999999,
    17.312000000000001,
    0
  ]
}