{
  "name": "M549",
  "D": 0.155,
  "m": 46,
  "l": 0.875,
  "l_cm": 0.55000000000000004,
  "l_gol": 0.46700000000000003,
  "I_x": 0.155,
  "Vs0": 945,
  "narez": 25,
  "cx_law": 1,
  "ix": 1,
  "iz": 1,
  "m_x_omega": 0.00059999999999999995,
  "BC": 0.52228260869565213,
  "Ma": [
    0,
    0.80000000000000004,
    1,
    1.2,
    5
  ],
  "a0_ind": [
    0.17499999999999999,
    -0.73999999999999999,
    -15.699999999999999,
    0.62
  ],
  "a1_ind": [
    0,
    4.5099999999999998,
    40.299999999999997,
    -0.246
  ],
  "a2_ind": [
    0,
    -7.2599999999999998,
    -33.899999999999999,
    0.044999999999999998
  ],
  "a3_ind": [
    0,
    3.8399999999999999,
    9.5,
    -0.0030999999999999999
  ]
}