{
  "name": "ОФ29",
  "D": 0.152,
  "m": 46,
  "l": 0.70999999999999996,
  "l_cm": 0.45000000000000001,
  "l_gol": 0.41699999999999998,
  "I_x": 0.14549999999999999,
  "Vs0": 945,
  "narez": 25,
  "cx_law": 1,
  "ix": 1.02,
  "iz": 1,
  "m_x_omega": 0.00059999999999999995,
  "BC": 0.51230608695652169,
  "Ma": [
    0,
    0.80000000000000004,
    1,
    1.2,
    5
  ],
  "a0_ind": [
    0.186,
    -0.77939999999999998,
    -17.440999999999999,
    0.70879999999999999
  ],
  "a1_ind": [
    0,
    4.7477,
    44.811,
    -0.2797
  ],
  "a2_ind": [
    0,
    -7.6523000000000003,
    -37.283999999999999,
    0.051200000000000002
  ],
  "a3_ind": [
    0,
    4.0380000000000003,
    10.298,
    -0.0035000000000000001
  ]
}