{
  "name": "ОФ29",
  "D": 0.152,
  "m": 46,
  "l": 0.70999999999999996,
  "l_cm": 0.45000000000000001,
  "l_gol": 0.41699999999999998,
  "I_x": 0.14549999999999999,
  "Vs0": 945,
  "narez": 25,
  "cx_law": 1,
  "ix": 1.02,
  "iz": 1,
  "m_x_omega": 0.00059999999999999995,
  "BC": 0.51230608695652169
}