{"Name":"ОФ29","Caliber":0.152,"Mass":46.0,"Length":0.709878,"Head_length":0.4167,"I_x":0.1455,"I_z":1.4417,"Rifling_stroke":25.0,"Center_of_mass":0.45,"Starting_velocity":945.0,"Initial_angular_velocity":1560.0,"Start_angle":25.0,"ix":1.02,"cx_law":1.0,"iz":1.0,"mx_wx":0.0004,"Ma":[0.0,0.8,1.0,1.2,5.0],"Cxa":[[0.186,0.0,0.0,0.0,3.0],[-0.7794,4.7477,-7.6523,4.038,3.5],[-17.441,44.811,-37.284,10.298,4.5],[0.7088,-0.2797,0.0512,-0.0035,5.0]],"Cya":[[0.0,0.4751,13.278,1.3619,-0.2078],[0.0,0.4751,13.278,1.3619,-0.2078],[0.0,0.4751,13.278,1.3619,-0.2078],[0.0,0.4751,13.278,1.3619,-0.2078]],"Cza":[0.0,0.1847,3.52,0.0,0.0],"Mza":[0.8918,-0.1712,0.0215,0.0],"Mya":[0.0065,0.0035,-0.0012,2.0],"Mxa":[0.000617,-0.00022,2.92E-05,0.0],"Mwa":[0.006,0.0,0.0]}