{"omega":19.0,"n":0.0,"D0":0.0115,"d0":0.0009,"e1":0.0011,"c_poroh":1298.0,"omegaV":0.81,"delta":1520.0,"m":46.0,"S":0.0,"Lambda0":1.888898290934131E-06,"P":0.9368421052631579,"Q":0.3506371191135734,"beta":0.11578947368421054,"lambda":0.2147998704824529,"uk":0.029310115379885995,"u1":7.750000000000001E-10,"mu":-0.03616528431592319,"J1":0.3333333432674408,"J2":0.5,"J3":0.1666666716337204,"l_n":[0.85,0.10999999999999999,0.05499999999999994,0.030000000000000027,0.07750000000000012],"L_k":1.1225,"k":0.7345286109886822,"z":0.0,"psiP":0.8657408254401213,"psi":0.0,"teta":0.2279951916655536,"p":37819503.71598192,"T":2636.203866432338,"p_kn":40193258.20664492,"p_sn":33071994.946886085,"W_sn":0.03254526854193188,"W_km":0.03254526854193188,"eta":0.0,"V":0.0,"sigma":1.0,"S_sn":0.01824146924750992,"S0":9.9415699522849E-05,"p_f":25000000.0,"x":1.1225,"L0":0.019,"S_km":0.0,"d_km":[0.214,0.196,0.164,0.155,0.155,0.1524],"S_kn":0.01824146924750992,"d_kn":0.1524,"alfa":0.00095,"f":900000.0,"cv":1497.4,"cp":1838.8,"kappa_":0.7478108290159751,"lambda_":0.15770030581039757,"L":0.0}