{"X":0.0,"Y":1.0,"Z":0.0,"V":960.0,"Omega":1560.0,"teta":52.0,"g":9.78,"q":0.0,"psi":0.0,"Sm":0.02,"Mass":0.0,"ro":1.22,"p":101.31,"T":288.73,"Mah":0.0,"a":340.6,"Length":0.709878,"d":0.152,"m":46.0,"I_x":0.1455,"I_z":1.4417,"Rifling_stroke":0.0,"cx_law":0.0,"iz":0.0,"mx_wx":0.0004,"Ma":null,"Cxa":null,"Cx":0.0,"Cy":0.0,"Cz":0.0,"mz":0.8918,"Sv":0.0,"Psigma":762.14,"P":749.16,"Mpx":1.97,"It":2286.42,"u":13.16,"pk":4031283.47,"G":0.33,"uv":2309.5,"akr":972.01,"re":0.02,"pv":97102.9,"delta_omega":0.0,"h":0.026,"dv":0.04,"beta":15.0,"pn":0.101325,"nu":0.5,"t_start":22.0,"t_delta":3.0,"u1":6.529999983513335E-06,"pT":1600.0,"Sg":0.015394,"Tk":2478.0,"Skr":0.000115,"A":0.652,"lambda":2.376,"k":1.22,"sigma":0.2,"alfa":78.72,"beta1":4937.18,"IsARS":1.0}